code,report,rtn1y,rtn2y
000001,000001_平安银行_2020年年度报告.pdf,-0.1326961193833506,-0.1762945796500579
000001,000001_平安银行_2021年年度报告.pdf,-0.1762945796500579,-0.2416022306846959
000002,000002_万科A_2020年年度报告.pdf,-0.2213225161387615,-0.02155537714788136
000002,000002_万科A_2021年年度报告.pdf,-0.02155537714788136,-0.2669715349626005
000063,000063_中兴通讯_2020年年度报告.pdf,0.001382088107965362,-0.2102167404926797
000063,000063_中兴通讯_2021年年度报告.pdf,-0.2102167404926797,0.03687290100695551
000063,000063_中兴通讯_关于按照《香港上市规则》公布2020年年度报告.pdf,0.001382088107965362,-0.2102167404926797
000100,000100_TCL科技_2020年年度报告.pdf,-0.1008913964748146,-0.3264984366187939
000100,000100_TCL科技_2021年年度报告.pdf,-0.3264984366187939,0.2129673936331202
000157,000157_中联重科_2020年年度报告.pdf,-0.2018430802456386,-0.1478864336141993
000157,000157_中联重科_2021年年度报告.pdf,-0.1478864336141993,0.173654725040139
000166,000166_申万宏源_2020年年度报告.pdf,-0.01034542004567418,-0.1860120317152225
000166,000166_申万宏源_2021年年度报告.pdf,-0.1860120317152225,0.106853758721797
000301,000301_东方盛虹_2020年年度报告.pdf,0.948875682065931,-0.3005649858187429
000301,000301_东方盛虹_2021年年度报告.pdf,-0.3005649858187429,-0.23349281268369
000333,000333_美的集团_2020年年度报告.pdf,-0.2181756916748051,-0.2461119250692939
000333,000333_美的集团_2021年年度报告.pdf,-0.2461119250692939,0.08593564500728035
000338,000338_潍柴动力_2020年年度报告.pdf,0.1418277491195947,-0.3659763103880832
000338,000338_潍柴动力_2021年年度报告.pdf,-0.3659763103880832,0.2993003112093886
000408,000408_藏格矿业_2020年年度报告.pdf,4.59420940173576,-0.3269153795841161
000408,000408_藏格矿业_2021年年度报告.pdf,-0.3269153795841161,0.04170860291420486
000425,000425_徐工机械_2020年年度报告.pdf,0.1308082751228929,-0.1110935507987253
000425,000425_徐工机械_2021年年度报告.pdf,-0.1110935507987253,0.09769362349530031
000538,000538_云南白药_2020年年度报告.pdf,-0.04083342048835725,-0.2279071302393593
000538,000538_云南白药_2021年年度报告.pdf,-0.2279071302393593,-0.05656484515688831
000568,000568_泸州老窖_2020年年度报告.pdf,0.1237135386094108,-0.09772214556474601
000568,000568_泸州老窖_2021年年度报告.pdf,-0.09772214556474601,-0.1668590984560303
000596,000596_古井贡酒_2020年年度报告.pdf,-0.0950068243677975,0.0993340988209388
000596,000596_古井贡酒_2021年年度报告.pdf,0.0993340988209388,-0.1120362715225927
000617,000617_中油资本_2020年年度报告.pdf,-0.1888885106834201,0.08623667724663697
000617,000617_中油资本_2021年年度报告.pdf,0.08623667724663697,-0.008233960350503389
000625,000625_长安汽车_2020年年度报告.pdf,-0.01266538391422278,0.06047188426277872
000625,000625_长安汽车_2021年年度报告.pdf,0.06047188426277872,0.3378830377790767
000651,000651_格力电器_2020年年度报告.pdf,-0.300462956851025,-0.03338211977872818
000651,000651_格力电器_2021年年度报告.pdf,-0.03338211977872818,0.0375445843098805
000661,000661_长春高新_2020年年度报告.pdf,-0.3967589337677766,-0.387635502736744
000661,000661_长春高新_2021年年度报告.pdf,-0.387635502736744,-0.1193598086110597
000708,000708_中信特钢_2020年年度报告.pdf,-0.02566680715416736,-0.1088837385365526
000708,000708_中信特钢_2021年年度报告.pdf,-0.1088837385365526,-0.1172422864357245
000725,000725_京东方A_2020年年度报告.pdf,-0.1368261072233706,-0.2722172583652147
000725,000725_京东方A_2021年年度报告.pdf,-0.2722172583652147,0.1486092237497514
000733,000733_振华科技_2020年年度报告.pdf,1.12661394193048,-0.0788552016613252
000733,000733_振华科技_2021年年度报告.pdf,-0.0788552016613252,-0.4756410565889425
000768,000768_中航西飞_2020年年度报告.pdf,-0.002638400250339235,-0.2953979087319364
000768,000768_中航西飞_2021年年度报告.pdf,-0.2953979087319364,-0.1138747868094374
000776,000776_广发证券_2020年年度报告.pdf,0.4344183613421861,-0.2973855822409225
000776,000776_广发证券_2021年年度报告.pdf,-0.2973855822409225,-0.04182537292600308
000786,000786_北新建材_2020年年度报告.pdf,-0.08836384208235659,-0.2457789325601709
000786,000786_北新建材_2021年年度报告.pdf,-0.2457789325601709,-0.06530727621134003
000792,000792_盐湖股份_2021年年度报告.pdf,-0.3249335645981428,-0.2551437423332801
000800,000800_一汽解放_2020年年度报告.pdf,-0.06951133017199151,-0.1606639366870244
000800,000800_一汽解放_2021年年度报告.pdf,-0.1606639366870244,0.07742595286907639
000807,000807_云铝股份_2020年年度报告.pdf,0.4127879683919358,0.005153628980252289
000807,000807_云铝股份_2021年年度报告.pdf,0.005153628980252289,0.1004442200620679
000858,000858_五粮液_2020年年度报告.pdf,-0.2208047671077916,-0.1657690308649284
000858,000858_五粮液_2021年年度报告.pdf,-0.1657690308649284,-0.1865253774922587
000876,000876_新希望_2020年年度报告.pdf,-0.3037342062398677,-0.1394655184071789
000876,000876_新希望_2021年年度报告.pdf,-0.1394655184071789,-0.2531531810427684
000895,000895_双汇发展_2020年年度报告.pdf,-0.233585512062745,-0.08278188437269962
000938,000938_紫光股份_2020年年度报告.pdf,0.1183283198641587,-0.1371759120701257
000938,000938_紫光股份_2021年年度报告.pdf,-0.1371759120701257,-0.00810349052366699
000963,000963_华东医药_2020年年度报告.pdf,0.4780797585550836,0.1606097015895189
000963,000963_华东医药_2021年年度报告.pdf,0.1606097015895189,-0.1013777360867152
000977,000977_浪潮信息_2020年年度报告.pdf,0.3822068965742793,-0.4323843173636134
000977,000977_浪潮信息_2021年年度报告.pdf,-0.4323843173636134,0.636020630701809
000983,000983_山西焦煤_2020年年度报告.pdf,0.3666970922418864,0.4108711650621633
000983,000983_山西焦煤_2021年年度报告.pdf,0.4108711650621633,-0.03975792230924102
000999,000999_华润三九_2020年年度报告.pdf,0.3396775567413965,0.3473040537917287
000999,000999_华润三九_2021年年度报告.pdf,0.3473040537917287,0.07510292827314524
001289,001289_龙源电力_2021年年度报告.pdf,0.6300852211677743,0.08960202679549134
001289,001289_龙源电力_龙源电力：H股-2021年年度报告.pdf,0.6300852211677743,0.08960202679549134
001965,001965_招商公路_2020年年度报告.pdf,0.1258593944243165,0.05229645649186598
001965,001965_招商公路_2021年年度报告.pdf,0.05229645649186598,0.2664275655494173
001979,001979_招商蛇口_2020年年度报告.pdf,0.04235594441458135,-0.01003815509448369
001979,001979_招商蛇口_2021年年度报告.pdf,-0.01003815509448369,-0.1707433923546375
002001,002001_新和成_2020年年度报告.pdf,0.1170193958980861,-0.2282185029446798
002001,002001_新和成_2021年年度报告.pdf,-0.2282185029446798,-0.05774753002451904
002007,002007_华兰生物_2020年年度报告.pdf,-0.2917258561169187,-0.2029772593063491
002007,002007_华兰生物_2021年年度报告.pdf,-0.2029772593063491,-0.008194395140540434
002027,002027_分众传媒_2020年年度报告.pdf,-0.1295779695097894,-0.1515575617031585
002027,002027_分众传媒_2021年年度报告.pdf,-0.1515575617031585,0.007903711675021352
002049,002049_紫光国微_2020年年度报告.pdf,0.6781852608585917,-0.1774809739983405
002049,002049_紫光国微_2021年年度报告.pdf,-0.1774809739983405,-0.4848593970959307
002050,002050_三花智控_2020年年度报告.pdf,0.03492842006513053,-0.1435376951651394
002050,002050_三花智控_2021年年度报告.pdf,-0.1435376951651394,0.3693461855465356
002074,002074_国轩高科_2020年年度报告.pdf,0.3307265937593498,-0.4575440700199986
002074,002074_国轩高科_2021年年度报告.pdf,-0.4575440700199986,-0.2769542959834773
002129,002129_TCL中环_2020年年度报告.pdf,0.6352076539264078,-0.09467053005151704
002129,002129_TCL中环_2021年年度报告.pdf,-0.09467053005151704,-0.4738399595435712
002142,002142_宁波银行_2020年年度报告.pdf,0.136483478932818,-0.1335228694515604
002142,002142_宁波银行_2021年年度报告.pdf,-0.1335228694515604,-0.3424868135765188
002179,002179_中航光电_2020年年度报告.pdf,0.2869429113847035,-0.188264326270337
002180,002180_纳思达_2020年年度报告.pdf,0.771846429828269,0.08716890886225692
002180,002180_纳思达_2021年年度报告.pdf,0.08716890886225692,-0.5520668913681152
002230,002230_科大讯飞_2020年年度报告.pdf,0.2851898564577375,-0.3669259713137527
002230,002230_科大讯飞_2021年年度报告.pdf,-0.3669259713137527,0.4041394035141384
002236,002236_大华股份_2020年年度报告.pdf,0.1867334969229408,-0.4848145178484188
002236,002236_大华股份_2021年年度报告.pdf,-0.4848145178484188,0.6082264739151639
002241,002241_歌尔股份_2020年年度报告.pdf,0.4458204444366265,-0.6749205321936993
002241,002241_歌尔股份_2021年年度报告.pdf,-0.6749205321936993,0.2398194856550107
002252,002252_上海莱士_2020年年度报告.pdf,-0.07232795349789944,-0.0635478839731144
002252,002252_上海莱士_2021年年度报告.pdf,-0.0635478839731144,0.2534671957368642
002271,002271_东方雨虹_2020年年度报告.pdf,0.3583934480973761,-0.3501826344654039
002271,002271_东方雨虹_2021年年度报告.pdf,-0.3501826344654039,-0.4086704548287963
002304,002304_洋河股份_2020年年度报告.pdf,-0.2682776028193342,-0.006646675976683669
002304,002304_洋河股份_2021年年度报告.pdf,-0.006646675976683669,-0.2535577788663781
002311,002311_海大集团_2020年年度报告.pdf,0.1203514652865496,-0.1509408888043887
002311,002311_海大集团_2021年年度报告.pdf,-0.1509408888043887,-0.2550351356123494
002352,002352_顺丰控股_2020年年度报告.pdf,-0.2107932302759494,-0.15428729753006
002352,002352_顺丰控股_2021年年度报告.pdf,-0.15428729753006,-0.2844568813418842
002371,002371_北方华创_2020年年度报告.pdf,0.9181069627567484,-0.3496427986252887
002371,002371_北方华创_2021年年度报告.pdf,-0.3496427986252887,0.0922286975909099
002410,002410_广联达_2020年年度报告.pdf,-0.1796942349723367,-0.05644828104819199
002410,002410_广联达_2021年年度报告.pdf,-0.05644828104819199,-0.5691341662201911
002415,002415_海康威视_2020年年度报告.pdf,0.08954460949411414,-0.2983545276280277
002415,002415_海康威视_2021年年度报告.pdf,-0.2983545276280277,0.018816025503404
002459,002459_晶澳科技_2020年年度报告.pdf,1.271512511292067,-0.09032356792128804
002459,002459_晶澳科技_2021年年度报告.pdf,-0.09032356792128804,-0.5093471292145503
002460,002460_赣锋锂业_2021年年度报告.pdf,-0.3135229954781352,-0.363372554426817
002466,002466_天齐锂业_2021年年度报告.pdf,-0.2682893181262984,-0.264370358713148
002475,002475_立讯精密_2020年年度报告.pdf,-0.1207008334286788,-0.3500103083453101
002475,002475_立讯精密_2021年年度报告.pdf,-0.3500103083453101,0.0878578051489387
002493,002493_荣盛石化_2020年年度报告.pdf,-0.007755936111237816,-0.3058065239646162
002493,002493_荣盛石化_2021年年度报告.pdf,-0.3058065239646162,-0.138875283157037
002555,002555_三七互娱_2020年年度报告.pdf,-0.1182973966952111,-0.2852239351716531
002555,002555_三七互娱_2021年年度报告.pdf,-0.2852239351716531,0.07826222099439728
002594,002594_比亚迪_2020年年度报告.pdf,0.3787049751892844,-0.04120783394366156
002594,002594_比亚迪_2021年年度报告.pdf,-0.04120783394366156,-0.2239665232317961
002601,002601_龙佰集团_2020年年度报告.pdf,-0.02902709481070287,-0.2483974251864792
002601,002601_龙佰集团_2021年年度报告.pdf,-0.2483974251864792,-0.03473128159664474
002603,002603_以岭药业_2020年年度报告.pdf,0.111692863911441,0.5106530570573022
002603,002603_以岭药业_2021年年度报告.pdf,0.5106530570573022,-0.2027298037810519
002648,002648_卫星化学_2020年年度报告.pdf,1.107614116425416,-0.2142009906260162
002709,002709_天赐材料_2020年年度报告.pdf,0.875911754783161,-0.229758404008567
002709,002709_天赐材料_2021年年度报告.pdf,-0.229758404008567,-0.4103150089272845
002714,002714_牧原股份_2020年年度报告.pdf,-0.01201575237176533,-0.07905047893253991
002714,002714_牧原股份_2021年年度报告.pdf,-0.07905047893253991,-0.1348323544306649
002736,002736_国信证券_2020年年度报告.pdf,-0.1277596970851073,-0.1593495032200277
002736,002736_国信证券_2021年年度报告.pdf,-0.1593495032200277,-0.006374024947509049
002812,002812_恩捷股份_2020年年度报告.pdf,0.7622841414177981,-0.4723930408966316
002812,002812_恩捷股份_2021年年度报告.pdf,-0.4723930408966316,-0.5584844840473777
002821,002821_凯莱英_2020年年度报告.pdf,0.4540183849683908,-0.5194183626298707
002821,002821_凯莱英_2021年年度报告.pdf,-0.5194183626298707,-0.2005834088621964
002841,002841_视源股份_2020年年度报告.pdf,-0.2788077582498367,-0.2545493411179909
002841,002841_视源股份_2021年年度报告.pdf,-0.2545493411179909,-0.1945622672989664
002916,002916_深南电路_2020年年度报告.pdf,0.1340266112179997,-0.3917938025063713
002916,002916_深南电路_2021年年度报告.pdf,-0.3917938025063713,-0.002185188219414491
002920,002920_德赛西威_2020年年度报告.pdf,0.6801071452245449,-0.2506190995645186
002920,002920_德赛西威_2021年年度报告.pdf,-0.2506190995645186,0.2317299875354806
002938,002938_鹏鼎控股_2020年年度报告.pdf,-0.1329003439151712,-0.3297891997082737
002938,002938_鹏鼎控股_2021年年度报告.pdf,-0.3297891997082737,-0.1500922772014239
003816,003816_中国广核_2021年年度报告.pdf,-0.1093704674255868,0.1740827228619604
003816,003816_中国广核_境内同步披露公告- 2021年度报告.pdf,-0.1093704674255868,0.1740827228619604
003816,003816_中国广核_境内同步披露公告2020年度报告.pdf,0.1343158437230205,-0.1093704674255868
300014,300014_亿纬锂能_2020年年度报告.pdf,0.4489995978290797,-0.2542518613346625
300014,300014_亿纬锂能_2021年年度报告.pdf,-0.2542518613346625,-0.5155856710702194
300015,300015_爱尔眼科_2020年年度报告.pdf,-0.2640744557137569,-0.0418449580738729
300015,300015_爱尔眼科_2021年年度报告.pdf,-0.0418449580738729,-0.3293302939694857
300033,300033_同花顺_2020年年度报告.pdf,0.1703329294102567,-0.2948553928943434
300033,300033_同花顺_2021年年度报告.pdf,-0.2948553928943434,0.5750090007799291
300059,300059_东方财富_2020年年度报告.pdf,0.4367066714288828,-0.3689808270374841
300059,300059_东方财富_2021年年度报告.pdf,-0.3689808270374841,-0.1266368959291945
300122,300122_智飞生物_2020年年度报告.pdf,-0.1526780930864953,-0.285836371519343
300122,300122_智飞生物_2021年年度报告.pdf,-0.285836371519343,0.04785170855896692
300124,300124_汇川技术_2020年年度报告.pdf,0.1043148674391738,0.01693342087025584
300124,300124_汇川技术_2021年年度报告.pdf,0.01693342087025584,-0.08402930804769415
300142,300142_沃森生物_2020年年度报告.pdf,0.4567325903535522,-0.2834485836181819
300142,300142_沃森生物_2021年年度报告.pdf,-0.2834485836181819,-0.4122096504284286
300223,300223_北京君正_2020年年度报告.pdf,0.4633530450037178,-0.4705768001929072
300223,300223_北京君正_2021年年度报告.pdf,-0.4705768001929072,-0.08009549164689167
300274,300274_阳光电源_2020年年度报告.pdf,1.013352976353358,-0.2316274200021216
300274,300274_阳光电源_2021年年度报告.pdf,-0.2316274200021216,-0.2131934735205006
300308,300308_中际旭创_2020年年度报告.pdf,-0.1609434197362372,-0.3553205873833357
300308,300308_中际旭创_2021年年度报告.pdf,-0.3553205873833357,3.110949388188156
300316,300316_晶盛机电_2020年年度报告.pdf,1.291182679541613,-0.08054654134179506
300316,300316_晶盛机电_2021年年度报告.pdf,-0.08054654134179506,-0.2947424319537523
300347,300347_泰格医药_2020年年度报告.pdf,-0.2060312944365974,-0.1743193411789783
300347,300347_泰格医药_2021年年度报告.pdf,-0.1743193411789783,-0.4623903813012202
300408,300408_三环集团_2020年年度报告.pdf,0.1979325595502794,-0.2949056250506974
300408,300408_三环集团_2021年年度报告.pdf,-0.2949056250506974,-0.03095566803755523
300413,300413_芒果超媒_2020年年度报告.pdf,-0.2083947446440708,-0.4699474317253629
300413,300413_芒果超媒_2021年年度报告.pdf,-0.4699474317253629,-0.1535205736972632
300418,300418_昆仑万维_2020年年度报告.pdf,0.1659789316578328,-0.3658708484847251
300418,300418_昆仑万维_2021年年度报告.pdf,-0.3658708484847251,1.528722255934584
300433,300433_蓝思科技_2020年年度报告.pdf,-0.2326842654292006,-0.5143526696500472
300433,300433_蓝思科技_2021年年度报告.pdf,-0.5143526696500472,0.2460163343792969
300442,300442_润泽科技_2021年年度报告.pdf,0.01163365813349282,0.09216105842951405
300450,300450_先导智能_2020年年度报告.pdf,0.4164955545746625,-0.4481404011572413
300450,300450_先导智能_2021年年度报告.pdf,-0.4481404011572413,-0.3409597113533708
300454,300454_深信服_2020年年度报告.pdf,-0.2287181963425412,-0.4092925358049555
300454,300454_深信服_2021年年度报告.pdf,-0.4092925358049555,-0.3558802553888031
300496,300496_中科创达_2021年年度报告.pdf,-0.2717530278694152,-0.1965151631479921
300498,300498_温氏股份_2020年年度报告.pdf,0.05655303428390801,0.02079683258744502
300498,300498_温氏股份_2021年年度报告.pdf,0.02079683258744502,0.02675846498163592
300628,300628_亿联网络_2020年年度报告.pdf,0.1204967175417893,-0.2401697759193976
300628,300628_亿联网络_2021年年度报告.pdf,-0.2401697759193976,-0.2713727923784668
300661,300661_圣邦股份_2020年年度报告.pdf,0.756977654605224,-0.1599991136127304
300661,300661_圣邦股份_2021年年度报告.pdf,-0.1599991136127304,-0.3262919652941894
300750,300750_宁德时代_2020年年度报告.pdf,0.6744733542400518,-0.3294590229950689
300750,300750_宁德时代_2021年年度报告.pdf,-0.3294590229950689,-0.2459069048402629
300751,300751_迈为股份_2020年年度报告.pdf,0.7082866646716262,0.02822443623066384
300751,300751_迈为股份_2021年年度报告.pdf,0.02822443623066384,-0.4907914642677477
300759,300759_康龙化成_2020年年度报告.pdf,0.1755728647372123,-0.2737554885913346
300759,300759_康龙化成_2021年年度报告.pdf,-0.2737554885913346,-0.3527891047772744
300760,300760_迈瑞医疗_2020年年度报告.pdf,-0.09951249218157121,-0.1590061717647394
300760,300760_迈瑞医疗_2021年年度报告.pdf,-0.1590061717647394,-0.05109531356087116
300782,300782_卓胜微_2020年年度报告.pdf,0.03274908658281994,-0.4367868886993018
300782,300782_卓胜微_2021年年度报告.pdf,-0.4367868886993018,0.2328045770021667
300832,300832_新产业_2020年年度报告.pdf,-0.3546824257866388,0.1476885525342559
300832,300832_新产业_2021年年度报告.pdf,0.1476885525342559,0.5525014653562381
300896,300896_爱美客_2021年年度报告.pdf,0.06015158246678332,-0.4687925999506677
300919,300919_中伟股份_2020年年度报告.pdf,0.8550557502474838,-0.565560594820165
300919,300919_中伟股份_2021年年度报告.pdf,-0.565560594820165,-0.2464951005378591
300957,300957_贝泰妮_2020年年度报告.pdf,3.072162645359321,-0.2201232054802905
300957,300957_贝泰妮_2021年年度报告.pdf,-0.2201232054802905,-0.5340943690447817
300979,300979_华利集团_2021年年度报告.pdf,-0.3424060966144796,-0.0551884109384303
300999,300999_金龙鱼_2020年年度报告.pdf,-0.4179531452791135,-0.3061632235848186
300999,300999_金龙鱼_2021年年度报告.pdf,-0.3061632235848186,-0.2308370104068624
600009,600009_上海机场_上海机场2020年年度报告.pdf,-0.3555948276798904,0.2099915283471032
600009,600009_上海机场_上海机场2021年年度报告.pdf,0.2099915283471032,-0.392633711228468
600010,600010_包钢股份_包钢股份2020年年度报告.pdf,1.13085260588854,-0.2786578127355755
600010,600010_包钢股份_包钢股份2021年年度报告.pdf,-0.2786578127355755,-0.2089027956462916
600011,600011_华能国际_华能国际2020年年度报告.pdf,0.6157482599904769,-0.1469352015996153
600011,600011_华能国际_华能国际H股2020年年度报告.pdf,0.6157482599904769,-0.1469352015996153
600011,600011_华能国际_华能国际H股2021年年度报告.pdf,-0.1469352015996153,0.007463597450076076
600015,600015_华夏银行_华夏银行2020年年度报告.pdf,-0.0390009720809098,-0.009135717177139902
600015,600015_华夏银行_华夏银行2021年年度报告.pdf,-0.009135717177139902,0.09587930571694314
600018,600018_上港集团_上港集团2020年年度报告.pdf,0.1578926242133063,0.006650570630975849
600018,600018_上港集团_上港集团2021年年度报告.pdf,0.006650570630975849,-0.03920329775402942
600023,600023_浙能电力_2021年年度报告.pdf,-0.09548589815084385,0.217121312011018
600023,600023_浙能电力_浙能电力2020年年度报告.pdf,0.1240803754455482,-0.09548589815084385
600025,600025_华能水电_2020年年度报告.pdf,0.4589285672485914,0.02484389865885528
600025,600025_华能水电_2021年年度报告.pdf,0.02484389865885528,0.2960741246141512
600026,600026_中远海能_中远海能2020年年度报告.pdf,-0.06038959099002128,0.7029593751920993
600026,600026_中远海能_中远海能2021年年度报告.pdf,0.7029593751920993,0.02283869604208699
600027,600027_华电国际_2021年年度报告.pdf,0.1100566882228755,-0.0684364526388247
600028,600028_中国石化_2020年年度报告.pdf,0.06434087571420521,0.07372546062814078
600028,600028_中国石化_中国石化2021年年度报告.pdf,0.07372546062814078,0.1787410843190591
600029,600029_南方航空_H股公告-2020年年度报告.pdf,0.1291281396023283,0.1053235135826087
600029,600029_南方航空_南方航空2020年年度报告.pdf,0.1291281396023283,0.1053235135826087
600029,600029_南方航空_南方航空2021年度报告.pdf,0.1053235135826087,-0.2228498224260823
600030,600030_中信证券_中信证券股份有限公司2020年年度报告.pdf,-0.0757950493888232,-0.1602744428752052
600030,600030_中信证券_中信证券股份有限公司2021年年度报告.pdf,-0.1602744428752052,0.04112280549400293
600031,600031_三一重工_三一重工股份有限公司2020年年年度报告.pdf,-0.3149622555291712,-0.2600272764147856
600031,600031_三一重工_三一重工股份有限公司2021年年度报告.pdf,-0.2600272764147856,-0.1003689978980716
600036,600036_招商银行_招商银行股份有限公司2020年度报告.pdf,0.1221812288443214,-0.1796213160370241
600036,600036_招商银行_招商银行股份有限公司2021年度报告.pdf,-0.1796213160370241,-0.1699198225737845
600039,600039_四川路桥_四川路桥2020年年度报告.pdf,1.566546809703453,-0.03520431449792882
600039,600039_四川路桥_四川路桥2021年年度报告.pdf,-0.03520431449792882,0.02261056527411998
600048,600048_保利发展_保利发展控股集团股份有限公司2020年年度报告.pdf,0.0282278246278953,0.004063479553366944
600048,600048_保利发展_保利发展控股集团股份有限公司2021年年度报告.pdf,0.004063479553366944,-0.2429125327165461
600061,600061_国投资本_国投资本2020年年度报告.pdf,-0.08254400260208894,-0.2019437872595679
600061,600061_国投资本_国投资本股份有限公司2021年年度报告.pdf,-0.2019437872595679,0.06671033836848772
600085,600085_同仁堂_同仁堂2020年年度报告.pdf,0.8154993991911592,-0.0001148066926132119
600085,600085_同仁堂_同仁堂2021年年度报告.pdf,-0.0001148066926132119,0.1964979200826049
600089,600089_特变电工_特变电工股份有限公司2020年年度报告.pdf,1.220472331552428,-0.02510794002899397
600089,600089_特变电工_特变电工股份有限公司2021年年度报告.pdf,-0.02510794002899397,-0.05109269437719866
600104,600104_上汽集团_上汽集团2020年年度报告.pdf,-0.08986256370718337,-0.1714934125165611
600104,600104_上汽集团_上汽集团2021年年度报告.pdf,-0.1714934125165611,-0.0203705192465844
600115,600115_中国东航_东方航空2020年度报告.pdf,0.09696455841282181,0.06821395280804587
600115,600115_中国东航_中国东方航空股份有限公司2021年度报告.pdf,0.06821395280804587,-0.2849341878983228
600132,600132_重庆啤酒_重庆啤酒股份有限公司2020年年度报告.pdf,0.2592454877907113,-0.1399709904941512
600132,600132_重庆啤酒_重庆啤酒股份有限公司2021年年度报告.pdf,-0.1399709904941512,-0.4319735098315307
600150,600150_中国船舶_中国船舶2020年年度报告.pdf,0.3576231819156972,-0.09168246108187972
600150,600150_中国船舶_中国船舶2021年年度报告.pdf,-0.09168246108187972,0.2916100967460395
600161,600161_天坛生物_天坛生物2020年年度报告.pdf,-0.2975510721970626,-0.01271735808406116
600161,600161_天坛生物_天坛生物2021年年度报告.pdf,-0.01271735808406116,0.2956058869854985
600176,600176_中国巨石_中国巨石2020年年度报告.pdf,0.05057666884270784,-0.2069571761304932
600176,600176_中国巨石_中国巨石2021年年度报告.pdf,-0.2069571761304932,-0.2186780747786679
600183,600183_生益科技_生益科技2020年年度报告.pdf,-0.1352263908486273,-0.3172993936713886
600183,600183_生益科技_生益科技2021年年度报告.pdf,-0.3172993936713886,0.236934785178802
600188,600188_兖矿能源_兖矿能源集团股份有限公司2021年年度报告.pdf,0.3935117378458548,0.01002856809364938
600196,600196_复星医药_复星医药2020年年度报告.pdf,-0.08145503348994887,-0.2527433362229202
600196,600196_复星医药_复星医药2021年年度报告.pdf,-0.2527433362229202,-0.2518268064682013
600219,600219_南山铝业_山东南山铝业股份有限公司2020年年度报告.pdf,0.4783453582682311,-0.2777445714217187
600219,600219_南山铝业_山东南山铝业股份有限公司2021年年度报告.pdf,-0.2777445714217187,-0.08078427645100883
600233,600233_圆通速递_圆通速递股份有限公司2020年年度报告.pdf,0.4118528381131188,0.1947144035639037
600233,600233_圆通速递_圆通速递股份有限公司2021年年度报告.pdf,0.1947144035639037,-0.3459782385610789
600276,600276_恒瑞医药_恒瑞医药2020年年度报告.pdf,-0.4494505713131755,-0.233674387992971
600276,600276_恒瑞医药_恒瑞医药2021年年度报告.pdf,-0.233674387992971,0.1739169538745498
600309,600309_万华化学_万华化学2020年度报告.pdf,0.1129584806449624,-0.05290912042470886
600309,600309_万华化学_万华化学2021年度报告.pdf,-0.05290912042470886,-0.1355341191474899
600346,600346_恒力石化_恒力石化2020年年度报告.pdf,-0.1460962076222695,-0.2604899630651579
600346,600346_恒力石化_恒力石化2021年年度报告.pdf,-0.2604899630651579,-0.1292233496272432
600362,600362_江西铜业_江西铜业股份有限公司2020年年度报告.pdf,0.1024188463331848,-0.1648448183818827
600362,600362_江西铜业_江西铜业股份有限公司2021年度报告.pdf,-0.1648448183818827,0.04204453518515328
600372,600372_中航机载_中航电子2020年年度报告.pdf,0.1402737279646515,-0.2724079272570522
600372,600372_中航机载_中航电子2021年年度报告.pdf,-0.2724079272570522,-0.158973523401181
600406,600406_国电南瑞_国电南瑞2020年年度报告.pdf,0.7614672804941296,-0.2449534091163691
600406,600406_国电南瑞_国电南瑞2021年年度报告.pdf,-0.2449534091163691,0.1045628959527245
600415,600415_小商品城_2020年年度报告.pdf,-0.09880441277522045,0.0838453562744983
600415,600415_小商品城_2021年年度报告.pdf,0.0838453562744983,0.3584517594870318
600426,600426_华鲁恒升_华鲁恒升2020年年度报告.pdf,0.0956052453130316,0.08160249784247053
600426,600426_华鲁恒升_华鲁恒升2021年年度报告.pdf,0.08160249784247053,-0.1353559970027018
600436,600436_片仔癀_漳州片仔癀药业股份有限公司2020年年度报告.pdf,0.6303681313216958,-0.334500603868252
600436,600436_片仔癀_漳州片仔癀药业股份有限公司2021年年度报告.pdf,-0.334500603868252,-0.1541551687317987
600438,600438_通威股份_通威股份有限公司2020年年度报告.pdf,0.1713328073770028,-0.1183826997774805
600438,600438_通威股份_通威股份有限公司2021年年度报告.pdf,-0.1183826997774805,-0.2623750671867046
600460,600460_士兰微_杭州士兰微电子股份有限公司2020年年度报告.pdf,1.15505615290013,-0.3909290614837493
600460,600460_士兰微_杭州士兰微电子股份有限公司2021年年度报告.pdf,-0.3909290614837493,-0.2968978757865036
600489,600489_中金黄金_中金黄金股份有限公司2020年年度报告.pdf,-0.04992066355183422,0.0231524174417499
600489,600489_中金黄金_中金黄金股份有限公司2021年年度报告.pdf,0.0231524174417499,0.2508790306184669
600515,600515_海南机场_海航基础设施投资集团股份有限公司2020年年度报告.pdf,-0.008582262951533304,0.1065968607415528
600519,600519_贵州茅台_贵州茅台2020年年度报告.pdf,0.0343398730745883,-0.1300343390294454
600519,600519_贵州茅台_贵州茅台2021年年度报告.pdf,-0.1300343390294454,0.02366622746281077
600547,600547_山东黄金_山东黄金矿业股份有限公司2020年度报告.pdf,-0.194459566481193,0.01984412701960192
600547,600547_山东黄金_山东黄金矿业股份有限公司2021年年度报告.pdf,0.01984412701960192,0.1885101601781927
600570,600570_恒生电子_恒生电子股份有限公司2020年年度报告.pdf,-0.1673766097762315,-0.1494504559523036
600570,600570_恒生电子_恒生电子股份有限公司2021年年度报告.pdf,-0.1494504559523036,-0.2796889999691571
600584,600584_长电科技_江苏长电科技股份有限公司2020年年度报告.pdf,-0.2728646368018497,-0.2534907279910364
600584,600584_长电科技_江苏长电科技股份有限公司2021年年度报告.pdf,-0.2534907279910364,0.3063426976278123
600585,600585_海螺水泥_2021年度报告.pdf,-0.2089964296601882,-0.08388505671283719
600585,600585_海螺水泥_海螺水泥2020年度报告.pdf,-0.1543867890192958,-0.2089964296601882
600588,600588_用友网络_用友网络2020年年度报告.pdf,-0.1720071300414078,-0.3098712786394052
600588,600588_用友网络_用友网络2021年年度报告.pdf,-0.3098712786394052,-0.2443065669361102
600600,600600_青岛啤酒_青啤公司2020年年度报告.pdf,0.003363790458203786,0.09087080840640582
600600,600600_青岛啤酒_青啤公司2021年年度报告.pdf,0.09087080840640582,-0.2683396665731415
600660,600660_福耀玻璃_福耀玻璃2020年年度报告.pdf,-0.002902798641583937,-0.200183485013727
600660,600660_福耀玻璃_福耀玻璃2021年年度报告.pdf,-0.200183485013727,0.08069109920748052
600674,600674_川投能源_四川川投能源股份有限公司2021 年年度报告.pdf,0.00889021567441417,0.2256238939333695
600690,600690_海尔智家_海尔智家股份有限公司2020年年度报告.pdf,0.03324384595496599,-0.1523688298748234
600690,600690_海尔智家_海尔智家股份有限公司2021年年度报告.pdf,-0.1523688298748234,-0.1045939312411098
600732,600732_爱旭股份_爱旭股份2020年年度报告.pdf,0.463006832599802,0.6134877250118143
600732,600732_爱旭股份_爱旭股份2021年年度报告.pdf,0.6134877250118143,-0.3306516536957542
600741,600741_华域汽车_华域汽车2020年年度报告.pdf,0.006494653758163604,-0.2843130633203979
600741,600741_华域汽车_华域汽车2021年年度报告.pdf,-0.2843130633203979,-0.006850839252960261
600745,600745_闻泰科技_2020年年度报告.pdf,0.3153044710457245,-0.6021972647681895
600745,600745_闻泰科技_2021年年度报告.pdf,-0.6021972647681895,-0.2031292979403212
600760,600760_中航沈飞_中航沈飞股份有限公司2020年年度报告.pdf,0.224045847693477,-0.1334444440248511
600760,600760_中航沈飞_中航沈飞股份有限公司2021年年度报告.pdf,-0.1334444440248511,0.01387335338839768
600795,600795_国电电力_国电电力2020年年度报告.pdf,0.3057234211979105,0.2683430330452568
600795,600795_国电电力_国电电力2021年年度报告.pdf,0.2683430330452568,0.007624581755298232
600803,600803_新奥股份_新奥股份2020年年度报告.pdf,0.4082880653728103,-0.1141005044470753
600803,600803_新奥股份_新奥股份2021年年度报告.pdf,-0.1141005044470753,0.08109463576426057
600809,600809_山西汾酒_2020年年度报告.pdf,0.1758319522003966,-0.0906089866913542
600809,600809_山西汾酒_2021年年度报告.pdf,-0.0906089866913542,-0.1749928974349064
600837,600837_海通证券_海通证券股份有限公司2020 年年度报告.pdf,-0.02258490222501541,-0.215737982446025
600837,600837_海通证券_海通证券股份有限公司2021年年度报告.pdf,-0.215737982446025,0.07464761669348885
600845,600845_宝信软件_2020年度报告.pdf,0.1554776113600751,-0.02539288522604999
600875,600875_东方电气_东方电气股份有限公2020年年度报告.pdf,0.9841123870962587,-0.007307737416146098
600875,600875_东方电气_东方电气股份有限公司2021年年度报告.pdf,-0.007307737416146098,-0.2604722931535276
600886,600886_国投电力_国投电力控股股份有限公司2020年年度报告.pdf,0.3130101666512963,-0.03625625121689346
600886,600886_国投电力_国投电力控股股份有限公司2021年年度报告.pdf,-0.03625625121689346,0.2088403685577811
600887,600887_伊利股份_内蒙古伊利实业集团股份有限公司2020年年度报告.pdf,-0.04315566967500983,-0.2050577781245421
600887,600887_伊利股份_内蒙古伊利实业集团股份有限公司2021年年度报告.pdf,-0.2050577781245421,-0.08706867452373646
600893,600893_航发动力_中国航发动力股份有限公司2020年年度报告.pdf,0.07056520311063164,-0.3267245034787258
600893,600893_航发动力_中国航发动力股份有限公司2021年年度报告.pdf,-0.3267245034787258,-0.109611028169442
600900,600900_长江电力_长江电力2020年年度报告.pdf,0.1637519136000374,-0.02936362543958648
600900,600900_长江电力_长江电力2021年年度报告.pdf,-0.02936362543958648,0.1092469663779634
600905,600905_三峡能源_2021年年度报告.pdf,-0.2436780751308741,-0.210145597325357
600918,600918_中泰证券_中泰证券股份有限公司2020年年度报告.pdf,-0.4550839299663438,-0.3473786010006407
600918,600918_中泰证券_中泰证券股份有限公司2021年年度报告.pdf,-0.3473786010006407,0.07284353955081802
600919,600919_江苏银行_江苏银行2020年年度报告.pdf,0.1329302581237457,0.3186582490729946
600919,600919_江苏银行_江苏银行2021年年度报告.pdf,0.3186582490729946,-0.01515064973251312
600926,600926_杭州银行_杭州银行2020年年度报告.pdf,-0.1102115734137246,0.04292541520715476
600926,600926_杭州银行_杭州银行2021年年度报告.pdf,0.04292541520715476,-0.1809599553622599
600941,600941_中国移动_中国移动：2021年年度报告.pdf,0.2446195594088452,0.502552968854262
600958,600958_东方证券_东方证券股份有限公司2020年年度报告.pdf,0.2616547687147763,-0.3305608129420575
600958,600958_东方证券_东方证券股份有限公司2021年年度报告.pdf,-0.3305608129420575,-0.01010883153508546
600989,600989_宝丰能源_宁夏宝丰能源集团股份有限公司2020年年度报告.pdf,0.4844512256107449,-0.2583150237235665
600989,600989_宝丰能源_宁夏宝丰能源集团股份有限公司2021年年度报告.pdf,-0.2583150237235665,0.2104537321399267
600999,600999_招商证券_2020年年度报告.pdf,-0.2164293740269342,-0.2003792682878786
600999,600999_招商证券_2021年年度报告.pdf,-0.2003792682878786,0.03471971203971891
601006,601006_大秦铁路_大秦铁路2020年年度报告.pdf,0.03548124531481545,0.0618829157810239
601006,601006_大秦铁路_大秦铁路2021年年度报告.pdf,0.0618829157810239,0.07765798646955124
601009,601009_南京银行_南京银行股份有限公司2020年年度报告.pdf,0.1301106692226361,0.1736193012933795
601009,601009_南京银行_南京银行股份有限公司2021年年度报告.pdf,0.1736193012933795,-0.1928200468150285
601012,601012_隆基绿能_隆基股份2020年年度报告.pdf,0.3129570430687931,-0.3107537401639439
601012,601012_隆基绿能_隆基股份2021年年度报告.pdf,-0.3107537401639439,-0.4472837188885145
601021,601021_春秋航空_春秋航空2020年年度报告.pdf,0.02428821985383833,0.1286175204045421
601021,601021_春秋航空_春秋航空2021年年度报告.pdf,0.1286175204045421,-0.2149712109459262
601066,601066_中信建投_2020年年度报告.pdf,-0.2905271881899002,-0.168716802135491
601088,601088_中国神华_中国神华2020年度报告.pdf,0.212257392847166,0.2118582032511893
601088,601088_中国神华_中国神华2021年度报告.pdf,0.2118582032511893,0.1434997539679672
601100,601100_恒立液压_江苏恒立液压股份有限公司2020年年度报告.pdf,-0.2683511744054091,-0.2148515747036459
601100,601100_恒立液压_江苏恒立液压股份有限公司2021年年度报告.pdf,-0.2148515747036459,-0.1199267859469121
601111,601111_中国国航_中国国际航空股份有限公司2020年度报告.pdf,0.193392795237604,0.1451364086209013
601111,601111_中国国航_中国国际航空股份有限公司2021年度报告.pdf,0.1451364086209013,-0.2812777857509419
601117,601117_中国化学_中国化学2020年年度报告.pdf,0.9309649321683318,-0.2977052636865721
601117,601117_中国化学_中国化学2021年年度报告.pdf,-0.2977052636865721,-0.151351696323716
601138,601138_工业富联_富士康工业互联网股份有限公司2020年年度报告.pdf,-0.108462172778566,-0.17926367734992
601138,601138_工业富联_富士康工业互联网股份有限公司2021年年度报告.pdf,-0.17926367734992,0.6325485077243305
601166,601166_兴业银行_兴业银行2020年年度报告.pdf,-0.04045247594836854,-0.01704218149340064
601169,601169_北京银行_北京银行股份有限公司2020年年度报告.pdf,-0.01474054077990183,0.02604225632671908
601186,601186_中国铁建_中国铁建2020年年度报告.pdf,0.01360664939097278,0.01842281331731699
601186,601186_中国铁建_中国铁建2021年年度报告.pdf,0.01842281331731699,0.01600819201000214
601211,601211_国泰君安_国泰君安2020年年度报告.pdf,0.04711701569163163,-0.1763802219062359
601211,601211_国泰君安_国泰君安证券股份有限公司2021年年度报告.pdf,-0.1763802219062359,0.1074429053914325
601225,601225_陕西煤业_陕西煤业股份有限公司2020年度报告.pdf,0.3417374184281292,0.5381036442913769
601225,601225_陕西煤业_陕西煤业股份有限公司2021年年度报告.pdf,0.5381036442913769,0.2032482554992439
601229,601229_上海银行_上海银行2020年度报告.pdf,-0.03398843548180686,-0.0936250801424815
601229,601229_上海银行_上海银行2021年度报告.pdf,-0.0936250801424815,0.05784530723853587
601236,601236_红塔证券_红塔证券股份有限公司2020年年度报告.pdf,-0.275078037801662,-0.4236239309592691
601236,601236_红塔证券_红塔证券股份有限公司2021年年度报告.pdf,-0.4236239309592691,0.03973242035395796
601238,601238_广汽集团_H股公告-广汽集团2020年度报告.pdf,0.1394177097122933,-0.2287482301142368
601238,601238_广汽集团_H股公告-广汽集团2021年年度报告.pdf,-0.2287482301142368,-0.1548124424941196
601238,601238_广汽集团_广汽集团2020年年度报告.pdf,0.1394177097122933,-0.2287482301142368
601238,601238_广汽集团_广汽集团2021年年度报告.pdf,-0.2287482301142368,-0.1548124424941196
601288,601288_农业银行_农业银行2020年度报告.pdf,-0.002115206811268644,0.03630028776300209
601288,601288_农业银行_农业银行2021年度报告.pdf,0.03630028776300209,0.1971701260382166
601318,601318_中国平安_中国平安2020年年度报告.pdf,-0.3546050280636678,-0.01587358926661553
601318,601318_中国平安_中国平安2021年年度报告.pdf,-0.01587358926661553,-0.06956494145338221
601319,601319_中国人保_中国人保2020年年度报告.pdf,-0.256973216919075,0.1332371060266273
601319,601319_中国人保_中国人保2021年度报告.pdf,0.1332371060266273,-0.03674770530006455
601328,601328_交通银行_交通银行2020年度报告.pdf,0.06488701302049349,0.06640090701858292
601328,601328_交通银行_交通银行2021年度报告.pdf,0.06640090701858292,0.1777284947495943
601328,601328_交通银行_交通银行H股公告-2020年度报告.pdf,0.06488701302049349,0.06640090701858292
601328,601328_交通银行_交通银行H股公告-2021年度报告.pdf,0.06640090701858292,0.1777284947495943
601336,601336_新华保险_新华保险2020年年度报告.pdf,-0.2845274939033308,-0.1654125735250995
601336,601336_新华保险_新华保险2021年年度报告.pdf,-0.1654125735250995,0.05720106630099919
601360,601360_三六零_三六零安全科技股份有限公司2020年年度报告.pdf,-0.176369262696373,-0.4356139830251649
601360,601360_三六零_三六零安全科技股份有限公司2021年年度报告.pdf,-0.4356139830251649,0.3136947044911258
601377,601377_兴业证券_兴业证券2020年年度报告.pdf,0.1835270677941325,-0.41992576002385
601377,601377_兴业证券_兴业证券2021年年度报告.pdf,-0.41992576002385,0.06481796900500347
601390,601390_中国中铁_中国中铁2020年年度报告.pdf,0.1123549201254816,-0.005802814319042615
601390,601390_中国中铁_中国中铁2021年年度报告.pdf,-0.005802814319042615,0.04622425316438528
601398,601398_工商银行_工商银行2020年度报告.pdf,-0.01231558830676671,2.896892322556965e-05
601398,601398_工商银行_工商银行2021年度报告.pdf,2.896892322556965e-05,0.09829672414106994
601398,601398_工商银行_工商银行H股公告-2020年度报告.pdf,-0.01231558830676671,2.896892322556965e-05
601398,601398_工商银行_工商银行H股公告-2021年度报告.pdf,2.896892322556965e-05,0.09829672414106994
601601,601601_中国太保_中国太保2020年年度报告.pdf,-0.2173528348269771,-0.04443890527428362
601601,601601_中国太保_中国太保2021年年度报告.pdf,-0.04443890527428362,0.008135904967132568
601607,601607_上海医药_上海医药集团股份有限公司2021 年年度报告.pdf,-0.08490670506934594,-0.02816569567921545
601618,601618_中国中冶_中国中冶2020年年度报告.pdf,0.367608955689755,-0.1296597078381376
601618,601618_中国中冶_中国中冶2021年年度报告.pdf,-0.1296597078381376,-0.01034785436299335
601628,601628_中国人寿_中国人寿2020年年度报告.pdf,-0.176948369333615,0.2152519597813092
601628,601628_中国人寿_中国人寿2021年年度报告.pdf,0.2152519597813092,-0.191183670214922
601633,601633_长城汽车_长城汽车股份有限公司2020年年度报告.pdf,0.2829355338801209,-0.3675708049392105
601633,601633_长城汽车_长城汽车股份有限公司2021年年度报告.pdf,-0.3675708049392105,-0.1264485121507002
601658,601658_邮储银行_中国邮政储蓄银行股份有限公司2020年年度报告.pdf,0.1062841408157296,-0.04179136322523291
601658,601658_邮储银行_中国邮政储蓄银行股份有限公司2021年年度报告.pdf,-0.04179136322523291,-0.003791323419504722
601668,601668_中国建筑_中国建筑股份有限公司2020年年度报告.pdf,0.04018497529890785,0.1052397026491241
601668,601668_中国建筑_中国建筑股份有限公司2021年年度报告.pdf,0.1052397026491241,-0.05210885792284548
601669,601669_中国电建_中国电力建设股份有限公司2020年年度报告.pdf,0.9164224427353014,-0.1004110359383976
601669,601669_中国电建_中国电力建设股份有限公司2021年年度报告.pdf,-0.1004110359383976,-0.2563663422121001
601688,601688_华泰证券_华泰证券股份有限公司2020年年度报告.pdf,0.007230612788591495,-0.2159364184213971
601688,601688_华泰证券_华泰证券股份有限公司2021年年度报告.pdf,-0.2159364184213971,0.09985003224827604
601689,601689_拓普集团_拓普集团2020年年度报告.pdf,0.3737602958553741,0.1080043111125866
601689,601689_拓普集团_拓普集团2021年年度报告.pdf,0.1080043111125866,0.2560489597053488
601698,601698_中国卫通_中国卫通2020年年度报告.pdf,-0.2048493824647648,-0.2037034014896699
601699,601699_潞安环能_潞安环能2020年年度报告.pdf,0.5309805253393565,0.4308990633728924
601699,601699_潞安环能_潞安环能2021年年度报告.pdf,0.4308990633728924,0.3830032340931078
601728,601728_中国电信_中国电信股份有限公司2021年年度报告.pdf,0.03480292961495746,0.3214007160636734
601766,601766_中国中车_中国中车2020年年度报告.pdf,0.1430394539011774,-0.1043630191990297
601766,601766_中国中车_中国中车2021年年度报告.pdf,-0.1043630191990297,0.05075041476185693
601788,601788_光大证券_光大证券股份有限公司2020年年度报告.pdf,-0.1584635220671974,0.009316933949441886
601788,601788_光大证券_光大证券股份有限公司2021年年度报告.pdf,0.009316933949441886,0.04128507416579597
601808,601808_中海油服_中海油服2020年年度报告.pdf,0.1582879722833204,0.09858669607985915
601808,601808_中海油服_中海油服2021年年度报告.pdf,0.09858669607985915,-0.0934718782218128
601808,601808_中海油服_中海油服H股公告-2021年度报告.pdf,0.09858669607985915,-0.0934718782218128
601816,601816_京沪高铁_京沪高速铁路股份有限公司2020年年度报告.pdf,-0.1383388355822593,0.02628393678303342
601816,601816_京沪高铁_京沪高速铁路股份有限公司2021年年度报告.pdf,0.02628393678303342,0.004074852808987339
601818,601818_光大银行_中国光大银行股份有限公司2020年年度报告.pdf,-0.0840194218635898,-0.009943887415272745
601818,601818_光大银行_中国光大银行股份有限公司2021年年度报告.pdf,-0.009943887415272745,0.004075531623227713
601838,601838_成都银行_成都银行股份有限公司2020年年度报告.pdf,0.1528089087611488,0.2909310306624839
601838,601838_成都银行_成都银行股份有限公司2021年年度报告.pdf,0.2909310306624839,-0.1875452561476988
601857,601857_中国石油_2020年度报告.pdf,0.1372775481214046,0.04472458696673853
601857,601857_中国石油_中国石油天然气股份有限公司2021 年度报告.pdf,0.04472458696673853,0.3000992414993069
601865,601865_福莱特_福莱特2020年年度报告.pdf,0.4542201388793479,-0.4190181321843715
601865,601865_福莱特_福莱特玻璃集团股份有限公司2021年年度报告.pdf,-0.4190181321843715,-0.1882734704131763
601868,601868_中国能建_中国能源建设股份有限公司2021年年度报告.pdf,-0.1539885963003785,-0.06920664626546491
601872,601872_招商轮船_招商轮船2020年年度报告.pdf,-0.09695510772338678,0.3373968042256414
601872,601872_招商轮船_招商轮船2021年年度报告.pdf,0.3373968042256414,0.07658600116177139
601877,601877_正泰电器_正泰电器2020年年度报告.pdf,0.3337508802124831,-0.4237111946145133
601877,601877_正泰电器_正泰电器2021年年度报告.pdf,-0.4237111946145133,-0.1649739943258112
601878,601878_浙商证券_浙商证券股份有限公司2020年年度报告.pdf,-0.128023515140971,-0.2270520690574274
601878,601878_浙商证券_浙商证券股份有限公司2021年年度报告.pdf,-0.2270520690574274,0.05998344336757189
601881,601881_中国银河_中国银河：2020年年度报告.pdf,-0.08437626322383429,-0.1331559613109783
601881,601881_中国银河_中国银河：2021年年度报告.pdf,-0.1331559613109783,0.2877719013562021
601888,601888_中国中免_中国旅游集团中免股份有限公司2020年年度报告.pdf,-0.2172102302703408,-0.008345064574169836
601888,601888_中国中免_中国旅游集团中免股份有限公司2021年年度报告.pdf,-0.008345064574169836,-0.5931462404692197
601898,601898_中煤能源_601898_2021年_年度报告.pdf,0.3380598375790389,0.142221430691944
601898,601898_中煤能源_中国中煤能源股份有限公司2020年年度报告.pdf,0.3413479591360651,0.3380598375790389
601899,601899_紫金矿业_紫金矿业H股市场公告-2021年年度报告.pdf,0.04587168237432349,0.2383943427236739
601899,601899_紫金矿业_紫金矿业集团股份有限公司2020年年度报告.pdf,0.05160254284322119,0.04587168237432349
601899,601899_紫金矿业_紫金矿业集团股份有限公司2021年年度报告.pdf,0.04587168237432349,0.2383943427236739
601901,601901_方正证券_2020年年度报告.pdf,-0.2377591112822531,-0.1756974092373308
601901,601901_方正证券_2021年年度报告.pdf,-0.1756974092373308,0.255353300540303
601916,601916_浙商银行_浙商银行股份有限公司2020年度报告.pdf,-0.0970160618587218,-0.1436503269461672
601916,601916_浙商银行_浙商银行股份有限公司2021年度报告.pdf,-0.1436503269461672,-0.0179578725696955
601919,601919_中远海控_中远海控2020年年度报告.pdf,0.9469094987219677,-0.2888085012263265
601919,601919_中远海控_中远海控2021年年度报告.pdf,-0.2888085012263265,0.08770960567082353
601939,601939_建设银行_建设银行2020年年度报告.pdf,-0.009993108228598668,0.01426708656892917
601939,601939_建设银行_建设银行2021年年度报告.pdf,0.01426708656892917,0.1368006710527647
601985,601985_中国核电_中国核电2020年年度报告.pdf,0.6415337163822512,-0.2393991210051835
601985,601985_中国核电_中国核能电力股份有限公司2021年年度报告.pdf,-0.2393991210051835,0.2446639461042217
601988,601988_中国银行_H股公告-2020年年度报告.pdf,0.01421436520183317,0.06334881010037585
601988,601988_中国银行_H股公告-2021年年度报告.pdf,0.06334881010037585,0.1938014030507023
601988,601988_中国银行_中国银行股份有限公司2020年年度报告.pdf,0.01421436520183317,0.06334881010037585
601988,601988_中国银行_中国银行股份有限公司2021年年度报告.pdf,0.06334881010037585,0.1938014030507023
601989,601989_中国重工_中国重工2020年年度报告.pdf,0.006917488002075256,-0.1601332905071895
601989,601989_中国重工_中国重工2021年年度报告.pdf,-0.1601332905071895,0.1678165814717862
601995,601995_中金公司_中金公司2020年年度报告.pdf,-0.346247210011366,-0.215305890553728
601995,601995_中金公司_中金公司2021年年度报告.pdf,-0.215305890553728,0.002517827067883616
601998,601998_中信银行_中信银行股份有限公司2020年年度报告.pdf,-0.03588542770532466,0.1050233529373898
601998,601998_中信银行_中信银行股份有限公司2021年年度报告.pdf,0.1050233529373898,0.09293424131683614
603019,603019_中科曙光_2020年年度报告.pdf,-0.1886046003160751,-0.1880313326747938
603019,603019_中科曙光_中科曙光2021年度报告.pdf,-0.1880313326747938,0.7753191750154762
603195,603195_公牛集团_公牛集团2020年年度报告.pdf,-0.1721556065805777,-0.1250803591921947
603195,603195_公牛集团_公牛集团股份有限公司2021年年度报告.pdf,-0.1250803591921947,0.01063313893725781
603259,603259_药明康德_2020年年度报告.pdf,0.05875184715424564,-0.3106743323160076
603259,603259_药明康德_2021年年度报告.pdf,-0.3106743323160076,-0.08931424636448382
603260,603260_合盛硅业_合盛硅业2021年年度报告.pdf,-0.3561877214667438,-0.361865480091471
603260,603260_合盛硅业_合盛硅业股份有限公司2020年年度报告.pdf,2.858799400534811,-0.3561877214667438
603288,603288_海天味业_海天味业2020年年度报告.pdf,-0.3072700591171116,-0.1540675863837514
603288,603288_海天味业_海天味业2021年年度报告.pdf,-0.1540675863837514,-0.3980965463787592
603369,603369_今世缘_江苏今世缘酒业股份有限公司2020年年度报告.pdf,-0.04287988149262223,-0.05170213154262548
603369,603369_今世缘_江苏今世缘酒业股份有限公司2021年年度报告.pdf,-0.05170213154262548,-0.02661017017981127
603392,603392_万泰生物_万泰生物2021年年度报告.pdf,-0.1695631300768379,-0.161688177497206
603392,603392_万泰生物_北京万泰生物药业股份有限公司2020年年度报告.pdf,0.5398970512413708,-0.1695631300768379
603659,603659_璞泰来_上海璞泰来新能源科技股份有限公司2020年年度报告.pdf,0.9938432667473345,-0.3481567436074945
603659,603659_璞泰来_上海璞泰来新能源科技股份有限公司2021年年度报告.pdf,-0.3481567436074945,-0.4022375098851552
603799,603799_华友钴业_华友钴业2020年年度报告.pdf,0.3914917381122345,-0.3397943805827124
603799,603799_华友钴业_华友钴业2021年年度报告.pdf,-0.3397943805827124,-0.399430454354859
603806,603806_福斯特_福斯特2020年年度报告.pdf,0.8184721636753511,-0.2799382005233754
603806,603806_福斯特_福斯特2021年年度报告.pdf,-0.2799382005233754,-0.4731772773227872
603833,603833_欧派家居_欧派家居2021年年度报告.pdf,-0.160644661560059,-0.3963711083849546
603899,603899_晨光股份_上海晨光文具股份有限公司2021年年度报告.pdf,-0.1339961948970891,-0.2930907329589296
603899,603899_晨光股份_晨光文具2020年年度报告.pdf,-0.2608237808657103,-0.1339961948970891
603986,603986_兆易创新_兆易创新2020年年度报告.pdf,0.2484382205791276,-0.4089446326397062
603986,603986_兆易创新_兆易创新2021年年度报告.pdf,-0.4089446326397062,-0.09040460917570703
603993,603993_洛阳钼业_洛阳钼业2020年年度报告.pdf,-0.09471212144617536,-0.1578039850801985
603993,603993_洛阳钼业_洛阳钼业2021年年度报告.pdf,-0.1578039850801985,0.143178391356152
605117,605117_德业股份_宁波德业科技股份有限公司2021年度报告全文.PDF,0.6957561936137249,-0.5349176956117133
605499,605499_东鹏饮料_东鹏饮料（集团）股份有限公司2021年年度报告.pdf,-0.01313126844389956,0.03667787924166399
688008,688008_澜起科技_澜起科技2020年年度报告.pdf,0.01547541264348862,-0.2482644268936053
688008,688008_澜起科技_澜起科技2021年年度报告.pdf,-0.2482644268936053,-0.05585015547641892
688009,688009_中国通号_2020年年度报告.pdf,-0.1122139194179813,-0.003694331730894729
688009,688009_中国通号_2021年年度报告.pdf,-0.003694331730894729,-0.0447971450800364
688012,688012_中微公司_2020年年度报告.pdf,-0.1967254017808829,-0.2258761205140658
688012,688012_中微公司_2021年年度报告.pdf,-0.2258761205140658,0.5696095591055474
688036,688036_传音控股_传音控股2020年年度报告.pdf,0.03817988540024264,-0.4782644147708152
688036,688036_传音控股_传音控股2021年年度报告.pdf,-0.4782644147708152,0.7692927843965811
688082,688082_盛美上海_2021年年度报告.pdf,-0.3748571731535365,0.3112745742985215
688111,688111_金山办公_金山办公2020年年度报告.pdf,-0.3534317691433012,0.0006774071312385388
688111,688111_金山办公_金山办公2021年年度报告.pdf,0.0006774071312385388,0.1971060310982269
688126,688126_沪硅产业_沪硅产业2020年年度报告.pdf,-0.2203186185770595,-0.318046375606703
688126,688126_沪硅产业_沪硅产业2021年年度报告.pdf,-0.318046375606703,-0.0164702306606509
688187,688187_时代电气_株洲中车时代电气股份有限公司2021年年度报告.pdf,-0.3272286632859982,-0.3189704308300734
688223,688223_晶科能源_晶科能源2021年年度报告.pdf,1.933414833116585,-0.3886215686095875
688256,688256_寒武纪_2020年年度报告.pdf,-0.352093721773749,-0.4263063392420351
688256,688256_寒武纪_2021年年度报告.pdf,-0.4263063392420351,1.473619284330085
688303,688303_大全能源_大全能源2021年年度报告.pdf,-0.2207863932669843,-0.3006814090744607
688363,688363_华熙生物_华熙生物2021年年度报告.pdf,-0.1250567317670652,-0.4961053050189155
688363,688363_华熙生物_华熙生物科技股份有限公司2020年年度报告.pdf,0.063225180408637,-0.1250567317670652
688396,688396_华润微_华润微：2020年年度报告.pdf,0.03495962682226206,-0.1818952583615034
688396,688396_华润微_华润微：2021年年度报告.pdf,-0.1818952583615034,-0.146468783793163
688599,688599_天合光能_天合光能股份有限公司2020年年度报告.pdf,2.40536624922821,-0.1882380438308443
688599,688599_天合光能_天合光能股份有限公司2021年年度报告.pdf,-0.1882380438308443,-0.5406697894247219
688981,688981_中芯国际_中芯国际2020年年度报告.pdf,-0.08250287775070486,-0.2236525855062377
688981,688981_中芯国际_中芯国际2021年年度报告.pdf,-0.2236525855062377,0.2887085252358077
